date_pk,channel_key,channel_group,sessions,add_to_cart,purchases,revenue,conversion_rate,aov
2020-11-01,1,Direct,611,0,6,332.0,0.0098199672667757774,55.333333333333336
2020-11-01,2,Organic Search,88,0,0,0.0,0.0,
2020-11-01,3,Organic Search,824,0,2,95.0,0.0024271844660194173,47.5
2020-11-01,5,Other,3,0,0,0.0,0.0,
2020-11-01,6,Other,370,0,1,34.0,0.0027027027027027029,34.0
2020-11-01,4,Other,123,0,1,60.0,0.008130081300813009,60.0
2020-11-01,9,Paid Search,108,0,0,0.0,0.0,
2020-11-01,11,Referral,255,0,2,73.0,0.00784313725490196,36.5
2020-11-01,12,Referral,212,4,2,179.0,0.009433962264150943,89.5
2020-11-02,1,Direct,821,0,11,632.0,0.013398294762484775,57.454545454545453
2020-11-02,3,Organic Search,1099,0,9,640.0,0.00818926296633303,71.111111111111114
2020-11-02,2,Organic Search,109,0,1,20.0,0.0091743119266055051,20.0
2020-11-02,5,Other,7,0,0,0.0,0.0,
2020-11-02,6,Other,529,0,3,190.0,0.0056710775047258983,63.333333333333336
2020-11-02,4,Other,261,0,12,2196.0,0.045977011494252873,183.0
2020-11-02,9,Paid Search,175,0,2,79.0,0.011428571428571429,39.5
2020-11-02,12,Referral,321,0,7,719.0,0.021806853582554516,102.71428571428571
2020-11-02,11,Referral,360,0,4,313.0,0.011111111111111112,78.25
2020-11-03,1,Direct,1234,0,14,868.0,0.011345218800648298,62.0
2020-11-03,2,Organic Search,137,0,1,183.0,0.0072992700729927005,183.0
2020-11-03,3,Organic Search,1682,0,7,407.0,0.0041617122473246136,58.142857142857146
2020-11-03,4,Other,329,0,11,823.0,0.033434650455927049,74.818181818181813
2020-11-03,5,Other,10,0,0,0.0,0.0,
2020-11-03,6,Other,742,0,5,294.0,0.0067385444743935314,58.8
2020-11-03,9,Paid Search,238,0,1,50.0,0.0042016806722689074,50.0
2020-11-03,11,Referral,511,0,5,225.0,0.0097847358121330719,45.0
2020-11-03,12,Referral,402,0,5,463.0,0.012437810945273632,92.6
2020-11-04,1,Direct,954,0,5,321.0,0.0052410901467505244,64.2
2020-11-04,3,Organic Search,1310,0,7,569.0,0.0053435114503816794,81.285714285714292
2020-11-04,2,Organic Search,123,0,4,123.0,0.032520325203252036,30.75
2020-11-04,4,Other,306,0,7,481.0,0.022875816993464051,68.714285714285708
2020-11-04,5,Other,6,0,0,0.0,0.0,
2020-11-04,6,Other,630,0,14,252.0,0.022222222222222223,18.0
2020-11-04,9,Paid Search,169,0,1,87.0,0.0059171597633136093,87.0
2020-11-04,12,Referral,373,0,3,61.0,0.00804289544235925,20.333333333333332
2020-11-04,10,Referral,0,0,0,0.0,,
2020-11-04,11,Referral,410,0,5,303.0,0.012195121951219513,60.6
2020-11-05,1,Direct,852,0,6,380.0,0.0070422535211267607,63.333333333333336
2020-11-05,2,Organic Search,91,0,0,0.0,0.0,
2020-11-05,3,Organic Search,1168,0,1,18.0,0.00085616438356164379,18.0
2020-11-05,5,Other,7,0,1,63.0,0.14285714285714285,63.0
2020-11-05,6,Other,480,0,3,319.0,0.00625,106.33333333333333
2020-11-05,4,Other,343,0,6,441.0,0.017492711370262391,73.5
2020-11-05,9,Paid Search,154,0,1,87.0,0.0064935064935064939,87.0
2020-11-05,12,Referral,343,0,3,269.0,0.0087463556851311956,89.666666666666671
2020-11-05,11,Referral,357,0,5,215.0,0.014005602240896359,43.0
2020-11-06,1,Direct,748,0,12,938.0,0.016042780748663103,78.166666666666671
2020-11-06,2,Organic Search,91,0,0,0.0,0.0,
2020-11-06,3,Organic Search,998,0,26,1455.0,0.026052104208416832,55.96153846153846
2020-11-06,6,Other,412,0,3,153.0,0.0072815533980582527,51.0
2020-11-06,5,Other,6,0,0,0.0,0.0,
2020-11-06,4,Other,270,0,4,116.0,0.014814814814814815,29.0
2020-11-06,9,Paid Search,134,0,1,24.0,0.007462686567164179,24.0
2020-11-06,10,Referral,1,0,0,0.0,0.0,
2020-11-06,12,Referral,312,0,5,350.0,0.016025641025641024,70.0
2020-11-06,11,Referral,293,0,7,402.0,0.023890784982935155,57.428571428571431
2020-11-07,1,Direct,548,0,6,347.0,0.010948905109489052,57.833333333333336
2020-11-07,3,Organic Search,684,0,13,1342.0,0.019005847953216373,103.23076923076923
2020-11-07,2,Organic Search,52,0,1,20.0,0.019230769230769232,20.0
2020-11-07,6,Other,307,0,3,233.0,0.0097719869706840382,77.666666666666671
2020-11-07,4,Other,137,0,1,79.0,0.0072992700729927005,79.0
2020-11-07,9,Paid Search,106,0,2,139.0,0.018867924528301886,69.5
2020-11-07,12,Referral,178,0,2,283.0,0.011235955056179775,141.5
2020-11-07,11,Referral,227,0,3,88.0,0.013215859030837005,29.333333333333332
2020-11-08,1,Direct,473,0,5,488.0,0.010570824524312896,97.6
2020-11-08,3,Organic Search,656,0,9,835.0,0.013719512195121951,92.777777777777771
2020-11-08,2,Organic Search,56,0,0,0.0,0.0,
2020-11-08,5,Other,3,0,0,0.0,0.0,
2020-11-08,4,Other,139,0,6,880.0,0.043165467625899283,146.66666666666666
2020-11-08,6,Other,309,0,5,191.0,0.016181229773462782,38.2
2020-11-08,9,Paid Search,88,0,0,0.0,0.0,
2020-11-08,11,Referral,216,0,3,294.0,0.013888888888888888,98.0
2020-11-08,12,Referral,193,0,4,1072.0,0.02072538860103627,268.0
2020-11-09,1,Direct,787,0,13,351.0,0.016518424396442185,27.0
2020-11-09,3,Organic Search,972,0,12,675.0,0.012345679012345678,56.25
2020-11-09,2,Organic Search,90,0,1,98.0,0.011111111111111112,98.0
2020-11-09,5,Other,8,0,0,0.0,0.0,
2020-11-09,4,Other,236,0,12,308.0,0.050847457627118647,25.666666666666668
2020-11-09,6,Other,454,0,6,198.0,0.013215859030837005,33.0
2020-11-09,9,Paid Search,122,0,0,0.0,0.0,
2020-11-09,11,Referral,294,0,3,194.0,0.01020408163265306,64.666666666666671
2020-11-09,12,Referral,264,0,5,330.0,0.01893939393939394,66.0
2020-11-10,1,Direct,850,0,16,1173.0,0.018823529411764704,73.3125
2020-11-10,3,Organic Search,1151,0,15,911.0,0.013032145960034752,60.733333333333334
2020-11-10,2,Organic Search,94,0,2,70.0,0.021276595744680851,35.0
2020-11-10,6,Other,518,0,10,553.0,0.019305019305019305,55.3
2020-11-10,4,Other,271,0,8,411.0,0.029520295202952029,51.375
2020-11-10,5,Other,8,0,0,0.0,0.0,
2020-11-10,9,Paid Search,159,0,2,92.0,0.012578616352201259,46.0
2020-11-10,11,Referral,387,0,4,156.0,0.0103359173126615,39.0
2020-11-10,12,Referral,346,0,7,675.0,0.02023121387283237,96.428571428571431
2020-11-11,1,Direct,826,0,14,849.0,0.016949152542372881,60.642857142857146
2020-11-11,3,Organic Search,1188,0,14,634.0,0.011784511784511785,45.285714285714285
2020-11-11,2,Organic Search,97,0,2,64.0,0.020618556701030927,32.0
2020-11-11,6,Other,528,0,7,207.0,0.013257575757575758,29.571428571428573
2020-11-11,5,Other,7,0,0,0.0,0.0,
2020-11-11,4,Other,282,0,9,1559.0,0.031914893617021274,173.22222222222223
2020-11-11,9,Paid Search,180,0,3,123.0,0.016666666666666666,41.0
2020-11-11,12,Referral,309,0,5,285.0,0.016181229773462782,57.0
2020-11-11,11,Referral,348,0,10,707.0,0.028735632183908046,70.7
2020-11-12,1,Direct,872,0,11,762.0,0.01261467889908257,69.272727272727266
2020-11-12,2,Organic Search,96,0,0,0.0,0.0,
2020-11-12,3,Organic Search,1071,0,11,630.0,0.01027077497665733,57.272727272727273
2020-11-12,6,Other,488,0,6,344.0,0.012295081967213115,57.333333333333336
2020-11-12,4,Other,278,0,4,300.0,0.014388489208633094,75.0
2020-11-12,5,Other,6,0,0,0.0,0.0,
2020-11-12,9,Paid Search,131,0,1,162.0,0.0076335877862595417,162.0
2020-11-12,11,Referral,349,0,4,221.0,0.011461318051575931,55.25
2020-11-12,12,Referral,340,0,17,930.0,0.05,54.705882352941174
2020-11-13,1,Direct,814,0,19,1066.0,0.02334152334152334,56.10526315789474
2020-11-13,3,Organic Search,1004,0,15,1966.0,0.014940239043824702,131.06666666666666
2020-11-13,2,Organic Search,75,0,2,20.0,0.026666666666666668,10.0
2020-11-13,4,Other,239,0,17,1261.0,0.071129707112970716,74.17647058823529
2020-11-13,6,Other,459,0,14,728.0,0.030501089324618737,52.0
2020-11-13,5,Other,6,0,0,0.0,0.0,
2020-11-13,9,Paid Search,116,0,0,0.0,0.0,
2020-11-13,11,Referral,309,0,5,531.0,0.016181229773462782,106.2
2020-11-13,12,Referral,278,0,7,259.0,0.025179856115107913,37.0
2020-11-14,1,Direct,506,0,5,298.0,0.009881422924901186,59.6
2020-11-14,2,Organic Search,55,0,0,0.0,0.0,
2020-11-14,3,Organic Search,715,0,4,321.0,0.0055944055944055944,80.25
2020-11-14,5,Other,2,0,0,0.0,0.0,
2020-11-14,4,Other,171,0,5,477.0,0.029239766081871343,95.4
2020-11-14,6,Other,343,0,7,412.0,0.020408163265306121,58.857142857142854
2020-11-14,9,Paid Search,105,0,0,0.0,0.0,
2020-11-14,11,Referral,236,0,4,497.0,0.016949152542372881,124.25
2020-11-14,12,Referral,201,0,5,333.0,0.024875621890547265,66.6
2020-11-15,1,Direct,534,0,4,421.0,0.00749063670411985,105.25
2020-11-15,2,Organic Search,54,0,2,140.0,0.037037037037037035,70.0
2020-11-15,3,Organic Search,660,0,4,200.0,0.0060606060606060606,50.0
2020-11-15,5,Other,2,0,0,0.0,0.0,
2020-11-15,4,Other,121,0,3,165.0,0.024793388429752067,55.0
2020-11-15,6,Other,338,0,1,42.0,0.0029585798816568047,42.0
2020-11-15,9,Paid Search,90,0,1,129.0,0.011111111111111112,129.0
2020-11-15,11,Referral,217,0,3,258.0,0.013824884792626729,86.0
2020-11-15,12,Referral,174,0,3,128.0,0.017241379310344827,42.666666666666664
2020-11-16,1,Direct,784,27,21,1414.0,0.026785714285714284,67.333333333333329
2020-11-16,2,Organic Search,84,2,0,0.0,0.0,
2020-11-16,3,Organic Search,1041,23,20,1562.0,0.01921229586935639,78.1
2020-11-16,6,Other,517,22,9,837.0,0.017408123791102514,93.0
2020-11-16,5,Other,6,0,0,0.0,0.0,
2020-11-16,4,Other,281,6,6,418.0,0.021352313167259787,69.666666666666671
2020-11-16,9,Paid Search,138,0,3,92.0,0.021739130434782608,30.666666666666668
2020-11-16,11,Referral,318,3,3,117.0,0.009433962264150943,39.0
2020-11-16,12,Referral,327,2,7,606.0,0.021406727828746176,86.571428571428569
2020-11-17,1,Direct,907,103,23,2032.0,0.025358324145534728,88.347826086956516
2020-11-17,2,Organic Search,107,15,1,154.0,0.0093457943925233638,154.0
2020-11-17,3,Organic Search,1209,143,27,1342.0,0.022332506203473945,49.7037037037037
2020-11-17,4,Other,347,56,16,870.0,0.046109510086455328,54.375
2020-11-17,5,Other,4,1,1,22.0,0.25,22.0
2020-11-17,6,Other,537,78,12,788.0,0.0223463687150838,65.666666666666671
2020-11-17,9,Paid Search,141,5,0,0.0,0.0,
2020-11-17,11,Referral,398,55,7,319.0,0.017587939698492462,45.571428571428569
2020-11-17,12,Referral,362,79,11,700.0,0.030386740331491711,63.636363636363633
2020-11-18,1,Direct,969,125,21,1344.0,0.021671826625386997,64.0
2020-11-18,3,Organic Search,1274,148,15,1211.0,0.011773940345368918,80.733333333333334
2020-11-18,2,Organic Search,110,8,2,96.0,0.018181818181818181,48.0
2020-11-18,6,Other,520,103,6,117.0,0.011538461538461539,19.5
2020-11-18,4,Other,302,47,10,658.0,0.033112582781456956,65.8
2020-11-18,5,Other,6,0,0,0.0,0.0,
2020-11-18,9,Paid Search,154,33,3,211.0,0.01948051948051948,70.333333333333329
2020-11-18,11,Referral,407,74,5,748.0,0.012285012285012284,149.6
2020-11-18,12,Referral,350,83,6,190.0,0.017142857142857144,31.666666666666668
2020-11-19,1,Direct,973,30,18,1414.0,0.018499486125385406,78.555555555555557
2020-11-19,2,Organic Search,99,9,2,208.0,0.020202020202020204,104.0
2020-11-19,3,Organic Search,1235,67,17,1095.0,0.013765182186234818,64.411764705882348
2020-11-19,4,Other,316,14,9,714.0,0.028481012658227847,79.333333333333329
2020-11-19,6,Other,558,56,11,901.0,0.019713261648745518,81.9090909090909
2020-11-19,5,Other,4,0,0,0.0,0.0,
2020-11-19,9,Paid Search,177,0,1,0.0,0.0056497175141242938,0.0
2020-11-19,11,Referral,417,6,13,938.0,0.03117505995203837,72.15384615384616
2020-11-19,12,Referral,375,5,13,482.0,0.034666666666666665,37.07692307692308
2020-11-20,1,Direct,970,4,26,1954.0,0.026804123711340205,75.15384615384616
2020-11-20,2,Organic Search,124,0,0,0.0,0.0,
2020-11-20,3,Organic Search,1244,2,34,2192.0,0.027331189710610933,64.470588235294116
2020-11-20,5,Other,4,0,0,0.0,0.0,
2020-11-20,4,Other,313,0,20,1024.0,0.063897763578274758,51.2
2020-11-20,6,Other,514,0,8,630.0,0.01556420233463035,78.75
2020-11-20,9,Paid Search,163,0,5,268.0,0.030674846625766871,53.6
2020-11-20,12,Referral,334,0,12,820.0,0.035928143712574849,68.333333333333329
2020-11-20,11,Referral,418,9,13,1904.0,0.031100478468899521,146.46153846153845
2020-11-21,1,Direct,721,0,12,432.0,0.016643550624133148,36.0
2020-11-21,3,Organic Search,985,0,16,1360.0,0.016243654822335026,85.0
2020-11-21,2,Organic Search,92,0,0,0.0,0.0,
2020-11-21,6,Other,453,0,8,466.0,0.017660044150110375,58.25
2020-11-21,5,Other,5,0,0,0.0,0.0,
2020-11-21,4,Other,219,0,5,86.0,0.0228310502283105,17.2
2020-11-21,9,Paid Search,145,0,8,302.0,0.055172413793103448,37.75
2020-11-21,12,Referral,242,0,3,68.0,0.012396694214876033,22.666666666666668
2020-11-21,11,Referral,291,0,16,1622.0,0.054982817869415807,101.375
2020-11-22,1,Direct,626,0,12,778.0,0.019169329073482427,64.833333333333329
2020-11-22,2,Organic Search,62,0,0,0.0,0.0,
2020-11-22,3,Organic Search,840,0,24,754.0,0.028571428571428571,31.416666666666668
2020-11-22,6,Other,367,0,3,290.0,0.0081743869209809257,96.666666666666671
2020-11-22,4,Other,160,0,11,1042.0,0.06875,94.727272727272734
2020-11-22,5,Other,3,0,0,0.0,0.0,
2020-11-22,9,Paid Search,106,0,0,0.0,0.0,
2020-11-22,11,Referral,260,0,2,52.0,0.0076923076923076927,26.0
2020-11-22,12,Referral,226,0,8,512.0,0.035398230088495575,64.0
2020-11-23,1,Direct,943,0,23,2150.0,0.024390243902439025,93.478260869565219
2020-11-23,3,Organic Search,1229,0,38,2070.0,0.030919446704637917,54.473684210526315
2020-11-23,2,Organic Search,96,0,0,0.0,0.0,
2020-11-23,5,Other,6,0,0,0.0,0.0,
2020-11-23,6,Other,527,0,26,820.0,0.049335863377609111,31.53846153846154
2020-11-23,4,Other,293,0,18,1104.0,0.061433447098976107,61.333333333333336
2020-11-23,9,Paid Search,157,0,6,268.0,0.038216560509554139,44.666666666666664
2020-11-23,11,Referral,354,0,10,804.0,0.028248587570621469,80.4
2020-11-23,12,Referral,311,0,20,1266.0,0.064308681672025719,63.3
2020-11-24,1,Direct,942,0,38,2503.0,0.040339702760084924,65.868421052631575
2020-11-24,3,Organic Search,1319,0,38,2857.0,0.028809704321455649,75.1842105263158
2020-11-24,2,Organic Search,121,0,7,1127.0,0.057851239669421489,161.0
2020-11-24,5,Other,5,0,0,0.0,0.0,
2020-11-24,4,Other,278,0,22,1662.0,0.079136690647482008,75.545454545454547
2020-11-24,6,Other,546,0,12,776.0,0.02197802197802198,64.666666666666671
2020-11-24,9,Paid Search,156,0,2,38.0,0.01282051282051282,19.0
2020-11-24,11,Referral,421,0,13,471.0,0.030878859857482184,36.230769230769234
2020-11-24,12,Referral,382,0,15,911.0,0.039267015706806283,60.733333333333334
2020-11-25,1,Direct,974,34,17,1815.0,0.017453798767967144,106.76470588235294
2020-11-25,2,Organic Search,105,2,0,0.0,0.0,
2020-11-25,3,Organic Search,1326,115,26,2255.0,0.0196078431372549,86.730769230769226
2020-11-25,6,Other,603,30,16,1069.0,0.026533996683250415,66.8125
2020-11-25,5,Other,5,0,0,0.0,0.0,
2020-11-25,4,Other,306,62,22,1310.0,0.0718954248366013,59.545454545454547
2020-11-25,9,Paid Search,190,3,1,26.0,0.005263157894736842,26.0
2020-11-25,12,Referral,353,30,17,1158.0,0.048158640226628892,68.117647058823536
2020-11-25,11,Referral,433,21,9,488.0,0.020785219399538105,54.222222222222221
2020-11-26,1,Direct,965,226,9,453.0,0.00932642487046632,50.333333333333336
2020-11-26,3,Organic Search,1264,305,22,2031.0,0.01740506329113924,92.318181818181813
2020-11-26,2,Organic Search,104,13,3,283.0,0.028846153846153848,94.333333333333329
2020-11-26,4,Other,278,92,4,405.0,0.014388489208633094,101.25
2020-11-26,6,Other,604,150,7,356.0,0.011589403973509934,50.857142857142854
2020-11-26,5,Other,8,0,0,0.0,0.0,
2020-11-26,9,Paid Search,153,35,2,46.0,0.013071895424836602,23.0
2020-11-26,12,Referral,313,132,4,95.0,0.012779552715654952,23.75
2020-11-26,11,Referral,372,94,6,464.0,0.016129032258064516,77.333333333333329
2020-11-27,1,Direct,910,263,20,1279.0,0.02197802197802198,63.95
2020-11-27,3,Organic Search,1176,290,15,1190.0,0.012755102040816327,79.333333333333329
2020-11-27,2,Organic Search,129,48,0,0.0,0.0,
2020-11-27,6,Other,600,151,10,762.0,0.016666666666666666,76.2
2020-11-27,4,Other,229,137,20,1067.0,0.087336244541484712,53.35
2020-11-27,5,Other,7,3,1,72.0,0.14285714285714285,72.0
2020-11-27,9,Paid Search,187,79,5,262.0,0.026737967914438502,52.4
2020-11-27,11,Referral,377,84,8,486.0,0.021220159151193633,60.75
2020-11-27,12,Referral,313,174,18,1581.0,0.057507987220447282,87.833333333333329
2020-11-28,1,Direct,813,241,18,1294.0,0.022140221402214021,71.888888888888886
2020-11-28,2,Organic Search,96,32,2,119.0,0.020833333333333332,59.5
2020-11-28,3,Organic Search,1043,279,20,1780.0,0.019175455417066157,89.0
2020-11-28,6,Other,503,160,12,1184.0,0.023856858846918488,98.666666666666671
2020-11-28,4,Other,168,83,8,517.0,0.047619047619047616,64.625
2020-11-28,5,Other,4,0,0,0.0,0.0,
2020-11-28,9,Paid Search,131,53,2,63.0,0.015267175572519083,31.5
2020-11-28,11,Referral,348,120,8,506.0,0.022988505747126436,63.25
2020-11-28,12,Referral,240,108,8,792.0,0.033333333333333333,99.0
2020-11-29,1,Direct,747,189,7,681.0,0.0093708165997322627,97.285714285714292
2020-11-29,2,Organic Search,97,6,2,87.0,0.020618556701030927,43.5
2020-11-29,3,Organic Search,985,254,15,1142.0,0.015228426395939087,76.13333333333334
2020-11-29,5,Other,4,0,1,24.0,0.25,24.0
2020-11-29,6,Other,491,107,6,367.0,0.012219959266802444,61.166666666666664
2020-11-29,4,Other,198,67,9,391.0,0.045454545454545456,43.444444444444443
2020-11-29,9,Paid Search,130,20,1,233.0,0.0076923076923076927,233.0
2020-11-29,11,Referral,299,96,5,166.0,0.016722408026755852,33.2
2020-11-29,12,Referral,256,72,5,771.0,0.01953125,154.2
2020-11-30,1,Direct,977,419,26,2364.0,0.026612077789150462,90.92307692307692
2020-11-30,2,Organic Search,133,77,2,121.0,0.015037593984962405,60.5
2020-11-30,3,Organic Search,1411,439,36,3821.0,0.025513819985825654,106.13888888888889
2020-11-30,6,Other,632,178,16,1282.0,0.025316455696202531,80.125
2020-11-30,5,Other,4,6,1,52.0,0.25,52.0
2020-11-30,4,Other,323,191,15,1001.0,0.046439628482972138,66.733333333333334
2020-11-30,9,Paid Search,225,84,7,456.0,0.03111111111111111,65.142857142857139
2020-11-30,11,Referral,455,236,17,1532.0,0.037362637362637362,90.117647058823536
2020-11-30,12,Referral,356,137,21,1361.0,0.058988764044943819,64.80952380952381
2020-12-01,1,Direct,1113,410,25,1208.0,0.022461814914645103,48.32
2020-12-01,3,Organic Search,1533,518,22,1266.0,0.014350945857795172,57.545454545454547
2020-12-01,2,Organic Search,124,22,0,0.0,0.0,
2020-12-01,4,Other,328,120,15,843.0,0.04573170731707317,56.2
2020-12-01,6,Other,684,223,18,1395.0,0.026315789473684209,77.5
2020-12-01,5,Other,5,1,0,0.0,0.0,
2020-12-01,9,Paid Search,202,75,3,246.0,0.014851485148514851,82.0
2020-12-01,12,Referral,439,126,10,644.0,0.022779043280182234,64.4
2020-12-01,11,Referral,484,158,14,656.0,0.028925619834710745,46.857142857142854
2020-12-02,1,Direct,1077,273,14,522.0,0.012999071494893221,37.285714285714285
2020-12-02,2,Organic Search,141,20,1,91.0,0.0070921985815602835,91.0
2020-12-02,3,Organic Search,1491,461,21,1915.0,0.014084507042253521,91.19047619047619
2020-12-02,5,Other,10,4,0,0.0,0.0,
2020-12-02,4,Other,328,132,14,1076.0,0.042682926829268296,76.857142857142861
2020-12-02,6,Other,644,234,10,544.0,0.015527950310559006,54.4
2020-12-02,9,Paid Search,213,74,5,308.0,0.023474178403755867,61.6
2020-12-02,11,Referral,427,129,7,358.0,0.016393442622950821,51.142857142857146
2020-12-02,12,Referral,428,137,10,387.0,0.02336448598130841,38.7
2020-12-03,1,Direct,1161,314,20,1064.0,0.017226528854435832,53.2
2020-12-03,2,Organic Search,150,42,4,271.0,0.026666666666666668,67.75
2020-12-03,3,Organic Search,1642,366,23,870.0,0.014007308160779537,37.826086956521742
2020-12-03,5,Other,3,0,0,0.0,0.0,
2020-12-03,6,Other,697,189,12,644.0,0.01721664275466284,53.666666666666664
2020-12-03,4,Other,332,116,9,381.0,0.02710843373493976,42.333333333333336
2020-12-03,9,Paid Search,227,27,1,50.0,0.0044052863436123352,50.0
2020-12-03,11,Referral,486,106,8,427.0,0.01646090534979424,53.375
2020-12-03,12,Referral,444,126,13,610.0,0.029279279279279279,46.92307692307692
2020-12-04,1,Direct,1097,224,14,819.0,0.01276207839562443,58.5
2020-12-04,2,Organic Search,129,45,1,0.0,0.0077519379844961239,0.0
2020-12-04,3,Organic Search,1488,494,39,2290.0,0.02620967741935484,58.717948717948715
2020-12-04,6,Other,602,174,6,386.0,0.0099667774086378731,64.333333333333329
2020-12-04,4,Other,330,203,8,259.0,0.024242424242424242,32.375
2020-12-04,5,Other,5,2,0,0.0,0.0,
2020-12-04,9,Paid Search,204,59,3,95.0,0.014705882352941176,31.666666666666668
2020-12-04,12,Referral,393,194,17,1838.0,0.043256997455470736,108.11764705882354
2020-12-04,11,Referral,430,166,8,771.0,0.018604651162790697,96.375
2020-12-05,1,Direct,839,250,22,1223.0,0.026221692491060787,55.590909090909093
2020-12-05,2,Organic Search,86,1,0,0.0,0.0,
2020-12-05,3,Organic Search,1079,365,25,1971.0,0.023169601482854494,78.84
2020-12-05,4,Other,182,108,14,1033.0,0.076923076923076927,73.785714285714292
2020-12-05,5,Other,6,0,0,0.0,0.0,
2020-12-05,6,Other,520,99,8,501.0,0.015384615384615385,62.625
2020-12-05,9,Paid Search,176,33,1,307.0,0.005681818181818182,307.0
2020-12-05,11,Referral,296,112,7,670.0,0.02364864864864865,95.714285714285708
2020-12-05,12,Referral,280,95,10,691.0,0.035714285714285712,69.1
2020-12-06,1,Direct,754,154,8,383.0,0.010610079575596816,47.875
2020-12-06,2,Organic Search,94,34,1,89.0,0.010638297872340425,89.0
2020-12-06,3,Organic Search,1006,246,11,458.0,0.010934393638170975,41.636363636363633
2020-12-06,6,Other,496,72,4,230.0,0.0080645161290322578,57.5
2020-12-06,5,Other,1,0,0,0.0,0.0,
2020-12-06,4,Other,206,77,7,591.0,0.033980582524271843,84.428571428571431
2020-12-06,9,Paid Search,151,19,0,0.0,0.0,
2020-12-06,12,Referral,262,101,5,186.0,0.019083969465648856,37.2
2020-12-06,11,Referral,333,88,6,391.0,0.018018018018018018,65.166666666666671
2020-12-07,1,Direct,1264,321,23,1555.0,0.018196202531645569,67.6086956521739
2020-12-07,2,Organic Search,162,23,3,890.0,0.018518518518518517,296.66666666666669
2020-12-07,3,Organic Search,1635,320,19,2627.0,0.011620795107033639,138.26315789473685
2020-12-07,4,Other,384,104,22,899.0,0.057291666666666664,40.863636363636367
2020-12-07,5,Other,12,1,1,32.0,0.083333333333333329,32.0
2020-12-07,6,Other,750,120,9,565.0,0.012,62.777777777777779
2020-12-07,9,Paid Search,239,50,5,345.0,0.020920502092050208,69.0
2020-12-07,11,Referral,522,78,16,486.0,0.030651340996168581,30.375
2020-12-07,12,Referral,442,110,12,1073.0,0.027149321266968326,89.416666666666671
2020-12-08,1,Direct,1741,557,31,3397.0,0.017805858701895463,109.58064516129032
2020-12-08,3,Organic Search,2366,451,20,1068.0,0.0084530853761623,53.4
2020-12-08,2,Organic Search,179,14,2,59.0,0.0111731843575419,29.5
2020-12-08,4,Other,445,194,13,1061.0,0.029213483146067417,81.615384615384613
2020-12-08,6,Other,1120,199,17,693.0,0.015178571428571428,40.764705882352942
2020-12-08,5,Other,9,1,0,0.0,0.0,
2020-12-08,9,Paid Search,332,32,6,208.0,0.018072289156626505,34.666666666666664
2020-12-08,12,Referral,586,145,15,993.0,0.025597269624573378,66.2
2020-12-08,11,Referral,748,182,18,1216.0,0.024064171122994651,67.555555555555557
2020-12-09,1,Direct,1404,462,32,2374.0,0.022792022792022793,74.1875
2020-12-09,2,Organic Search,189,78,7,415.0,0.037037037037037035,59.285714285714285
2020-12-09,3,Organic Search,1950,553,41,3216.0,0.021025641025641025,78.4390243902439
2020-12-09,5,Other,6,0,0,0.0,0.0,
2020-12-09,4,Other,383,137,23,1444.0,0.060052219321148827,62.782608695652172
2020-12-09,6,Other,908,218,16,1656.0,0.017621145374449341,103.5
2020-12-09,9,Paid Search,246,19,2,82.0,0.008130081300813009,41.0
2020-12-09,12,Referral,548,206,18,1162.0,0.032846715328467155,64.555555555555557
2020-12-09,11,Referral,577,114,11,514.0,0.019064124783362217,46.727272727272727
2020-12-10,1,Direct,1335,377,27,2723.0,0.020224719101123594,100.85185185185185
2020-12-10,3,Organic Search,1717,486,40,2535.0,0.023296447291788,63.375
2020-12-10,2,Organic Search,159,27,2,900.0,0.012578616352201259,450.0
2020-12-10,6,Other,839,165,11,350.0,0.013110846245530394,31.818181818181817
2020-12-10,5,Other,8,0,0,0.0,0.0,
2020-12-10,4,Other,379,228,27,2363.0,0.0712401055408971,87.518518518518519
2020-12-10,9,Paid Search,266,39,2,53.0,0.0075187969924812026,26.5
2020-12-10,12,Referral,460,177,16,1185.0,0.034782608695652174,74.0625
2020-12-10,10,Referral,1,0,0,0.0,0.0,
2020-12-10,11,Referral,595,240,18,647.0,0.030252100840336135,35.944444444444443
2020-12-11,1,Direct,1213,482,38,2401.0,0.031327287716405604,63.184210526315788
2020-12-11,3,Organic Search,1692,500,40,2635.0,0.023640661938534278,65.875
2020-12-11,2,Organic Search,141,112,7,415.0,0.049645390070921988,59.285714285714285
2020-12-11,4,Other,359,252,18,1082.0,0.050139275766016712,60.111111111111114
2020-12-11,5,Other,1,0,0,0.0,0.0,
2020-12-11,6,Other,826,232,12,822.0,0.014527845036319613,68.5
2020-12-11,9,Paid Search,256,89,7,432.0,0.02734375,61.714285714285715
2020-12-11,11,Referral,551,190,17,832.0,0.030852994555353903,48.941176470588232
2020-12-11,12,Referral,437,278,21,1781.0,0.048054919908466817,84.80952380952381
2020-12-12,1,Direct,919,413,26,1782.0,0.028291621327529923,68.538461538461533
2020-12-12,2,Organic Search,123,17,3,116.0,0.024390243902439025,38.666666666666664
2020-12-12,3,Organic Search,1267,363,26,1320.0,0.020520915548539857,50.769230769230766
2020-12-12,6,Other,653,195,10,567.0,0.015313935681470138,56.7
2020-12-12,4,Other,199,91,21,1150.0,0.10552763819095477,54.761904761904759
2020-12-12,5,Other,3,10,1,88.0,0.33333333333333331,88.0
2020-12-12,9,Paid Search,195,75,2,64.0,0.010256410256410256,32.0
2020-12-12,11,Referral,415,116,9,621.0,0.021686746987951807,69.0
2020-12-12,12,Referral,314,101,8,576.0,0.025477707006369428,72.0
2020-12-13,1,Direct,864,159,11,491.0,0.012731481481481481,44.636363636363633
2020-12-13,3,Organic Search,1231,355,19,1468.0,0.015434606011372868,77.263157894736835
2020-12-13,2,Organic Search,119,27,1,54.0,0.0084033613445378148,54.0
2020-12-13,5,Other,1,0,0,0.0,0.0,
2020-12-13,4,Other,166,93,14,830.0,0.084337349397590355,59.285714285714285
2020-12-13,6,Other,548,110,13,553.0,0.023722627737226276,42.53846153846154
2020-12-13,9,Paid Search,164,18,1,95.0,0.0060975609756097563,95.0
2020-12-13,12,Referral,236,83,10,554.0,0.0423728813559322,55.4
2020-12-13,11,Referral,337,95,5,350.0,0.01483679525222552,70.0
2020-12-14,1,Direct,1195,315,22,1305.0,0.018410041841004185,59.31818181818182
2020-12-14,3,Organic Search,1629,405,26,2801.0,0.015960712093308779,107.73076923076923
2020-12-14,2,Organic Search,139,16,0,0.0,0.0,
2020-12-14,5,Other,4,0,0,0.0,0.0,
2020-12-14,6,Other,696,136,13,1226.0,0.018678160919540231,94.3076923076923
2020-12-14,4,Other,280,171,14,938.0,0.05,67.0
2020-12-14,9,Paid Search,214,102,2,240.0,0.0093457943925233638,120.0
2020-12-14,11,Referral,478,120,9,1093.0,0.018828451882845189,121.44444444444444
2020-12-14,12,Referral,416,263,13,902.0,0.03125,69.384615384615387
2020-12-15,1,Direct,1299,407,37,2770.0,0.02848344880677444,74.86486486486487
2020-12-15,3,Organic Search,1738,589,38,3301.0,0.021864211737629459,86.868421052631575
2020-12-15,2,Organic Search,157,83,7,171.0,0.044585987261146494,24.428571428571427
2020-12-15,6,Other,811,205,11,709.0,0.013563501849568433,64.454545454545453
2020-12-15,4,Other,367,244,15,994.0,0.040871934604904632,66.266666666666666
2020-12-15,5,Other,10,1,0,0.0,0.0,
2020-12-15,9,Paid Search,256,65,4,230.0,0.015625,57.5
2020-12-15,12,Referral,492,189,19,1141.0,0.038617886178861791,60.05263157894737
2020-12-15,11,Referral,550,160,8,422.0,0.014545454545454545,52.75
2020-12-16,1,Direct,1265,406,34,2919.0,0.026877470355731226,85.8529411764706
2020-12-16,3,Organic Search,1706,353,33,3591.0,0.019343493552168817,108.81818181818181
2020-12-16,2,Organic Search,151,34,2,182.0,0.013245033112582781,91.0
2020-12-16,5,Other,5,0,0,0.0,0.0,
2020-12-16,6,Other,763,184,7,585.0,0.0091743119266055051,83.571428571428569
2020-12-16,7,Other,1,9,0,0.0,0.0,
2020-12-16,4,Other,354,234,25,1505.0,0.070621468926553674,60.2
2020-12-16,9,Paid Search,241,86,4,410.0,0.016597510373443983,102.5
2020-12-16,12,Referral,474,266,20,1393.0,0.042194092827004218,69.65
2020-12-16,11,Referral,527,138,18,924.0,0.034155597722960153,51.333333333333336
2020-12-17,1,Direct,1234,334,25,1590.0,0.020259319286871962,63.6
2020-12-17,3,Organic Search,1648,630,30,1460.0,0.01820388349514563,48.666666666666664
2020-12-17,2,Organic Search,132,60,3,188.0,0.022727272727272728,62.666666666666664
2020-12-17,4,Other,324,148,29,1013.0,0.089506172839506168,34.931034482758619
2020-12-17,5,Other,9,5,0,0.0,0.0,
2020-12-17,6,Other,768,193,4,212.0,0.005208333333333333,53.0
2020-12-17,9,Paid Search,252,33,6,303.0,0.023809523809523808,50.5
2020-12-17,11,Referral,523,104,17,598.0,0.032504780114722756,35.1764705882353
2020-12-17,12,Referral,393,141,12,1381.0,0.030534351145038167,115.08333333333333
2020-12-18,1,Direct,1149,471,35,2012.0,0.030461270670147953,57.485714285714288
2020-12-18,3,Organic Search,1527,334,27,1603.0,0.01768172888015717,59.370370370370374
2020-12-18,2,Organic Search,130,21,1,112.0,0.0076923076923076927,112.0
2020-12-18,4,Other,242,221,13,746.0,0.053719008264462811,57.384615384615387
2020-12-18,6,Other,719,232,11,687.0,0.015299026425591099,62.454545454545453
2020-12-18,5,Other,4,1,0,0.0,0.0,
2020-12-18,9,Paid Search,186,37,3,194.0,0.016129032258064516,64.666666666666671
2020-12-18,11,Referral,449,176,3,278.0,0.0066815144766146995,92.666666666666671
2020-12-18,12,Referral,380,136,14,992.0,0.036842105263157891,70.857142857142861
2020-12-19,1,Direct,886,144,13,802.0,0.014672686230248307,61.692307692307693
2020-12-19,3,Organic Search,1094,257,20,748.0,0.018281535648994516,37.4
2020-12-19,2,Organic Search,93,3,0,0.0,0.0,
2020-12-19,4,Other,173,111,8,504.0,0.046242774566473986,63.0
2020-12-19,5,Other,2,1,0,0.0,0.0,
2020-12-19,6,Other,534,120,2,279.0,0.0037453183520599251,139.5
2020-12-19,9,Paid Search,177,28,2,83.0,0.011299435028248588,41.5
2020-12-19,12,Referral,250,31,2,61.0,0.008,30.5
2020-12-19,11,Referral,349,81,5,305.0,0.014326647564469915,61.0
2020-12-20,1,Direct,756,127,2,77.0,0.0026455026455026454,38.5
2020-12-20,3,Organic Search,1060,214,9,861.0,0.0084905660377358489,95.666666666666671
2020-12-20,2,Organic Search,93,1,0,0.0,0.0,
2020-12-20,6,Other,503,47,2,81.0,0.0039761431411530811,40.5
2020-12-20,4,Other,160,17,2,130.0,0.0125,65.0
2020-12-20,5,Other,3,0,0,0.0,0.0,
2020-12-20,9,Paid Search,140,4,0,0.0,0.0,
2020-12-20,11,Referral,293,42,3,166.0,0.010238907849829351,55.333333333333336
2020-12-20,12,Referral,239,83,2,84.0,0.008368200836820083,42.0
2020-12-21,1,Direct,899,272,21,1095.0,0.023359288097886542,52.142857142857146
2020-12-21,2,Organic Search,102,55,4,145.0,0.0392156862745098,36.25
2020-12-21,3,Organic Search,1242,185,11,697.0,0.0088566827697262474,63.363636363636367
2020-12-21,5,Other,5,0,0,0.0,0.0,
2020-12-21,6,Other,588,48,4,193.0,0.0068027210884353739,48.25
2020-12-21,4,Other,233,101,3,77.0,0.012875536480686695,25.666666666666668
2020-12-21,9,Paid Search,160,9,1,14.0,0.00625,14.0
2020-12-21,12,Referral,313,65,1,36.0,0.0031948881789137379,36.0
2020-12-21,11,Referral,410,106,8,1172.0,0.019512195121951219,146.5
2020-12-22,1,Direct,839,206,14,554.0,0.0166865315852205,39.571428571428569
2020-12-22,3,Organic Search,1197,258,11,494.0,0.0091896407685881365,44.909090909090907
2020-12-22,2,Organic Search,117,15,0,0.0,0.0,
2020-12-22,5,Other,9,1,0,0.0,0.0,
2020-12-22,4,Other,238,142,9,533.0,0.037815126050420166,59.222222222222221
2020-12-22,6,Other,571,162,9,479.0,0.015761821366024518,53.222222222222221
2020-12-22,9,Paid Search,157,31,1,61.0,0.006369426751592357,61.0
2020-12-22,12,Referral,312,99,9,493.0,0.028846153846153848,54.777777777777779
2020-12-22,11,Referral,353,189,7,616.0,0.019830028328611898,88.0
2020-12-23,1,Direct,780,261,11,1373.0,0.014102564102564103,124.81818181818181
2020-12-23,2,Organic Search,104,36,1,42.0,0.0096153846153846159,42.0
2020-12-23,3,Organic Search,1074,291,21,956.0,0.019553072625698324,45.523809523809526
2020-12-23,5,Other,2,4,1,32.0,0.5,32.0
2020-12-23,4,Other,192,237,14,906.0,0.072916666666666671,64.714285714285708
2020-12-23,6,Other,528,146,9,466.0,0.017045454545454544,51.777777777777779
2020-12-23,9,Paid Search,144,23,1,17.0,0.0069444444444444441,17.0
2020-12-23,12,Referral,258,80,6,411.0,0.023255813953488372,68.5
2020-12-23,11,Referral,327,38,3,215.0,0.0091743119266055051,71.666666666666671
2020-12-24,1,Direct,626,90,3,64.0,0.0047923322683706068,21.333333333333332
2020-12-24,2,Organic Search,89,4,0,0.0,0.0,
2020-12-24,3,Organic Search,877,89,3,201.0,0.0034207525655644243,67.0
2020-12-24,6,Other,456,39,4,127.0,0.008771929824561403,31.75
2020-12-24,5,Other,1,0,0,0.0,0.0,
2020-12-24,4,Other,119,91,8,440.0,0.067226890756302518,55.0
2020-12-24,9,Paid Search,145,57,2,68.0,0.013793103448275862,34.0
2020-12-24,11,Referral,260,71,1,120.0,0.0038461538461538464,120.0
2020-12-24,12,Referral,201,42,2,172.0,0.0099502487562189053,86.0
2020-12-25,1,Direct,590,75,4,117.0,0.0067796610169491523,29.25
2020-12-25,3,Organic Search,867,71,4,122.0,0.00461361014994233,30.5
2020-12-25,2,Organic Search,70,4,1,91.0,0.014285714285714285,91.0
2020-12-25,4,Other,94,104,3,76.0,0.031914893617021274,25.333333333333332
2020-12-25,6,Other,408,27,0,0.0,0.0,
2020-12-25,5,Other,1,0,0,0.0,0.0,
2020-12-25,9,Paid Search,144,6,1,26.0,0.0069444444444444441,26.0
2020-12-25,11,Referral,264,118,2,45.0,0.007575757575757576,22.5
2020-12-25,12,Referral,186,57,2,75.0,0.010752688172043012,37.5
2020-12-26,1,Direct,646,46,3,90.0,0.0046439628482972135,30.0
2020-12-26,2,Organic Search,75,8,1,67.0,0.013333333333333334,67.0
2020-12-26,3,Organic Search,881,85,6,265.0,0.00681044267877412,44.166666666666664
2020-12-26,6,Other,425,74,1,120.0,0.002352941176470588,120.0
2020-12-26,5,Other,2,0,0,0.0,0.0,
2020-12-26,4,Other,96,19,2,25.0,0.020833333333333332,12.5
2020-12-26,9,Paid Search,126,7,0,0.0,0.0,
2020-12-26,11,Referral,233,51,1,0.0,0.0042918454935622317,0.0
2020-12-26,12,Referral,167,48,3,167.0,0.017964071856287425,55.666666666666664
2020-12-27,1,Direct,607,163,4,287.0,0.0065897858319604614,71.75
2020-12-27,3,Organic Search,902,123,5,198.0,0.0055432372505543242,39.6
2020-12-27,2,Organic Search,66,8,0,0.0,0.0,
2020-12-27,6,Other,404,23,1,18.0,0.0024752475247524753,18.0
2020-12-27,5,Other,2,5,0,0.0,0.0,
2020-12-27,4,Other,108,36,4,204.0,0.037037037037037035,51.0
2020-12-27,9,Paid Search,124,14,0,0.0,0.0,
2020-12-27,12,Referral,177,22,3,228.0,0.016949152542372881,76.0
2020-12-27,11,Referral,256,106,3,226.0,0.01171875,75.333333333333329
2020-12-28,1,Direct,782,268,11,729.0,0.014066496163682864,66.272727272727266
2020-12-28,3,Organic Search,1055,150,12,831.0,0.011374407582938388,69.25
2020-12-28,2,Organic Search,120,19,2,93.0,0.016666666666666666,46.5
2020-12-28,4,Other,160,60,6,262.0,0.0375,43.666666666666664
2020-12-28,6,Other,493,41,2,68.0,0.0040567951318458417,34.0
2020-12-28,5,Other,3,1,0,0.0,0.0,
2020-12-28,9,Paid Search,150,21,1,22.0,0.0066666666666666671,22.0
2020-12-28,12,Referral,244,40,2,92.0,0.00819672131147541,46.0
2020-12-28,11,Referral,322,33,0,0.0,0.0,
2020-12-29,1,Direct,818,171,8,421.0,0.0097799511002444987,52.625
2020-12-29,2,Organic Search,106,11,0,0.0,0.0,
2020-12-29,3,Organic Search,1094,84,5,132.0,0.004570383912248629,26.4
2020-12-29,4,Other,167,51,2,76.0,0.011976047904191617,38.0
2020-12-29,5,Other,2,0,0,0.0,0.0,
2020-12-29,6,Other,523,85,4,241.0,0.0076481835564053535,60.25
2020-12-29,9,Paid Search,156,11,0,0.0,0.0,
2020-12-29,12,Referral,228,89,4,480.0,0.017543859649122806,120.0
2020-12-29,11,Referral,307,54,1,68.0,0.0032573289902280132,68.0
2020-12-30,1,Direct,751,79,3,32.0,0.0039946737683089215,10.666666666666666
2020-12-30,3,Organic Search,1019,143,20,200.0,0.019627085377821395,10.0
2020-12-30,2,Organic Search,98,17,0,0.0,0.0,
2020-12-30,4,Other,133,53,6,390.0,0.045112781954887216,65.0
2020-12-30,8,Other,1,0,0,0.0,0.0,
2020-12-30,6,Other,460,23,2,211.0,0.0043478260869565218,105.5
2020-12-30,5,Other,0,0,0,0.0,,
2020-12-30,9,Paid Search,134,3,0,0.0,0.0,
2020-12-30,12,Referral,254,60,6,771.0,0.023622047244094488,128.5
2020-12-30,11,Referral,333,22,0,0.0,0.0,
2020-12-31,1,Direct,613,51,3,54.0,0.0048939641109298528,18.0
2020-12-31,2,Organic Search,90,41,0,0.0,0.0,
2020-12-31,3,Organic Search,862,140,5,283.0,0.00580046403712297,56.6
2020-12-31,4,Other,114,43,4,255.0,0.035087719298245612,63.75
2020-12-31,6,Other,388,50,2,97.0,0.0051546391752577319,48.5
2020-12-31,5,Other,0,0,0,0.0,,
2020-12-31,9,Paid Search,118,13,1,27.0,0.00847457627118644,27.0
2020-12-31,12,Referral,175,58,3,285.0,0.017142857142857144,95.0
2020-12-31,11,Referral,228,48,7,1594.0,0.030701754385964911,227.71428571428572
2021-01-01,1,Direct,564,96,5,510.0,0.0088652482269503553,102.0
2021-01-01,3,Organic Search,746,100,3,203.0,0.0040214477211796247,67.666666666666671
2021-01-01,2,Organic Search,64,1,0,0.0,0.0,
2021-01-01,6,Other,377,32,0,0.0,0.0,
2021-01-01,4,Other,88,23,4,106.0,0.045454545454545456,26.5
2021-01-01,5,Other,2,0,0,0.0,0.0,
2021-01-01,9,Paid Search,103,28,1,137.0,0.0097087378640776691,137.0
2021-01-01,11,Referral,211,11,1,19.0,0.0047393364928909956,19.0
2021-01-01,12,Referral,134,4,0,0.0,0.0,
2021-01-02,1,Direct,633,62,2,108.0,0.00315955766192733,54.0
2021-01-02,2,Organic Search,72,0,0,0.0,0.0,
2021-01-02,3,Organic Search,896,67,6,291.0,0.0066964285714285711,48.5
2021-01-02,6,Other,428,107,2,389.0,0.0046728971962616819,194.5
2021-01-02,4,Other,99,28,1,36.0,0.010101010101010102,36.0
2021-01-02,9,Paid Search,147,7,0,0.0,0.0,
2021-01-02,11,Referral,281,27,2,195.0,0.0071174377224199285,97.5
2021-01-02,12,Referral,149,6,1,7.0,0.0067114093959731542,7.0
2021-01-03,1,Direct,634,27,2,55.0,0.0031545741324921135,27.5
2021-01-03,2,Organic Search,91,5,0,0.0,0.0,
2021-01-03,3,Organic Search,891,37,1,0.0,0.0011223344556677891,0.0
2021-01-03,6,Other,476,53,4,76.0,0.0084033613445378148,19.0
2021-01-03,4,Other,96,26,3,75.0,0.03125,25.0
2021-01-03,5,Other,2,0,0,0.0,0.0,
2021-01-03,9,Paid Search,109,2,1,15.0,0.0091743119266055051,15.0
2021-01-03,12,Referral,174,40,2,259.0,0.011494252873563218,129.5
2021-01-03,11,Referral,280,39,1,72.0,0.0035714285714285713,72.0
2021-01-04,1,Direct,784,44,4,218.0,0.00510204081632653,54.5
2021-01-04,2,Organic Search,94,4,0,0.0,0.0,
2021-01-04,3,Organic Search,1068,139,5,228.0,0.0046816479400749065,45.6
2021-01-04,6,Other,510,47,1,26.0,0.00196078431372549,26.0
2021-01-04,5,Other,3,0,0,0.0,0.0,
2021-01-04,4,Other,146,77,3,203.0,0.020547945205479451,67.666666666666671
2021-01-04,9,Paid Search,162,2,1,13.0,0.0061728395061728392,13.0
2021-01-04,12,Referral,229,12,1,101.0,0.0043668122270742356,101.0
2021-01-04,11,Referral,323,71,1,45.0,0.0030959752321981426,45.0
2021-01-05,1,Direct,1022,79,4,104.0,0.0039138943248532287,26.0
2021-01-05,2,Organic Search,130,15,0,0.0,0.0,
2021-01-05,3,Organic Search,1476,192,14,656.0,0.009485094850948509,46.857142857142854
2021-01-05,4,Other,176,36,5,135.0,0.028409090909090908,27.0
2021-01-05,5,Other,2,0,0,0.0,0.0,
2021-01-05,6,Other,664,38,1,21.0,0.0015060240963855422,21.0
2021-01-05,9,Paid Search,197,42,2,27.0,0.01015228426395939,13.5
2021-01-05,12,Referral,306,84,2,139.0,0.0065359477124183009,69.5
2021-01-05,11,Referral,438,52,1,61.0,0.00228310502283105,61.0
2021-01-06,1,Direct,1409,166,10,511.0,0.0070972320794889989,51.1
2021-01-06,2,Organic Search,187,15,1,37.0,0.0053475935828877,37.0
2021-01-06,3,Organic Search,1930,165,5,524.0,0.0025906735751295338,104.8
2021-01-06,5,Other,4,0,0,0.0,0.0,
2021-01-06,4,Other,271,99,3,172.0,0.01107011070110701,57.333333333333336
2021-01-06,6,Other,902,69,3,212.0,0.0033259423503325942,70.666666666666671
2021-01-06,9,Paid Search,261,40,1,44.0,0.0038314176245210726,44.0
2021-01-06,12,Referral,421,23,2,264.0,0.0047505938242280287,132.0
2021-01-06,11,Referral,567,79,6,236.0,0.010582010582010581,39.333333333333336
2021-01-07,1,Direct,1061,143,8,381.0,0.007540056550424128,47.625
2021-01-07,2,Organic Search,136,22,1,68.0,0.0073529411764705881,68.0
2021-01-07,3,Organic Search,1540,165,11,795.0,0.0071428571428571426,72.272727272727266
2021-01-07,4,Other,243,75,4,169.0,0.01646090534979424,42.25
2021-01-07,5,Other,1,0,0,0.0,0.0,
2021-01-07,6,Other,680,91,1,31.0,0.0014705882352941176,31.0
2021-01-07,9,Paid Search,206,20,0,0.0,0.0,
2021-01-07,12,Referral,335,49,0,0.0,0.0,
2021-01-07,11,Referral,406,29,1,8.0,0.0024630541871921183,8.0
2021-01-08,1,Direct,1006,103,13,713.0,0.012922465208747515,54.846153846153847
2021-01-08,3,Organic Search,1337,108,3,133.0,0.002243829468960359,44.333333333333336
2021-01-08,2,Organic Search,137,14,2,30.0,0.014598540145985401,15.0
2021-01-08,6,Other,620,37,5,268.0,0.0080645161290322578,53.6
2021-01-08,5,Other,3,0,0,0.0,0.0,
2021-01-08,4,Other,221,64,3,141.0,0.013574660633484163,47.0
2021-01-08,9,Paid Search,183,28,3,50.0,0.016393442622950821,16.666666666666668
2021-01-08,12,Referral,311,112,2,114.0,0.0064308681672025723,57.0
2021-01-08,11,Referral,401,32,3,250.0,0.007481296758104738,83.333333333333329
2021-01-09,1,Direct,758,130,4,346.0,0.0052770448548812663,86.5
2021-01-09,2,Organic Search,103,32,1,101.0,0.0097087378640776691,101.0
2021-01-09,3,Organic Search,1067,74,3,303.0,0.0028116213683223993,101.0
2021-01-09,4,Other,148,35,3,93.0,0.020270270270270271,31.0
2021-01-09,6,Other,486,125,1,57.0,0.00205761316872428,57.0
2021-01-09,9,Paid Search,134,10,1,40.0,0.007462686567164179,40.0
2021-01-09,11,Referral,304,35,5,312.0,0.016447368421052631,62.4
2021-01-09,12,Referral,241,21,2,111.0,0.0082987551867219917,55.5
2021-01-10,1,Direct,703,64,4,328.0,0.0056899004267425323,82.0
2021-01-10,3,Organic Search,969,62,3,330.0,0.0030959752321981426,110.0
2021-01-10,2,Organic Search,100,7,0,0.0,0.0,
2021-01-10,4,Other,123,43,1,48.0,0.008130081300813009,48.0
2021-01-10,5,Other,4,2,0,0.0,0.0,
2021-01-10,6,Other,479,44,3,79.0,0.0062630480167014616,26.333333333333332
2021-01-10,9,Paid Search,153,20,0,0.0,0.0,
2021-01-10,11,Referral,245,28,0,0.0,0.0,
2021-01-10,12,Referral,200,40,3,189.0,0.015,63.0
2021-01-11,1,Direct,898,94,10,508.0,0.011135857461024499,50.8
2021-01-11,2,Organic Search,116,9,1,31.0,0.0086206896551724137,31.0
2021-01-11,3,Organic Search,1267,149,5,352.0,0.0039463299131807421,70.4
2021-01-11,6,Other,624,67,3,138.0,0.004807692307692308,46.0
2021-01-11,4,Other,211,67,2,103.0,0.0094786729857819912,51.5
2021-01-11,9,Paid Search,162,34,2,159.0,0.012345679012345678,79.5
2021-01-11,12,Referral,273,64,2,56.0,0.007326007326007326,28.0
2021-01-11,11,Referral,367,53,3,149.0,0.0081743869209809257,49.666666666666664
2021-01-12,1,Direct,1086,137,12,557.0,0.011049723756906077,46.416666666666664
2021-01-12,2,Organic Search,137,22,1,79.0,0.0072992700729927005,79.0
2021-01-12,3,Organic Search,1475,246,13,520.0,0.0088135593220338981,40.0
2021-01-12,6,Other,721,114,8,445.0,0.011095700416088766,55.625
2021-01-12,4,Other,251,69,5,512.0,0.0199203187250996,102.4
2021-01-12,5,Other,5,0,0,0.0,0.0,
2021-01-12,9,Paid Search,202,11,1,42.0,0.0049504950495049506,42.0
2021-01-12,11,Referral,462,65,2,13.0,0.004329004329004329,6.5
2021-01-12,12,Referral,340,81,6,379.0,0.017647058823529412,63.166666666666664
2021-01-13,1,Direct,1079,151,6,176.0,0.0055607043558850789,29.333333333333332
2021-01-13,3,Organic Search,1377,249,8,452.0,0.0058097312999273783,56.5
2021-01-13,2,Organic Search,146,14,0,0.0,0.0,
2021-01-13,5,Other,3,0,0,0.0,0.0,
2021-01-13,6,Other,676,108,4,298.0,0.0059171597633136093,74.5
2021-01-13,4,Other,239,56,8,400.0,0.033472803347280332,50.0
2021-01-13,9,Paid Search,215,13,2,42.0,0.0093023255813953487,21.0
2021-01-13,12,Referral,319,25,3,111.0,0.0094043887147335428,37.0
2021-01-13,11,Referral,424,49,5,379.0,0.01179245283018868,75.8
2021-01-14,1,Direct,1038,180,12,1241.0,0.011560693641618497,103.41666666666667
2021-01-14,2,Organic Search,135,6,0,0.0,0.0,
2021-01-14,3,Organic Search,1359,175,15,548.0,0.011037527593818985,36.533333333333331
2021-01-14,6,Other,626,59,5,316.0,0.0079872204472843447,63.2
2021-01-14,5,Other,6,0,0,0.0,0.0,
2021-01-14,4,Other,228,67,7,428.0,0.030701754385964911,61.142857142857146
2021-01-14,9,Paid Search,187,22,0,0.0,0.0,
2021-01-14,12,Referral,348,111,10,361.0,0.028735632183908046,36.1
2021-01-14,11,Referral,395,64,5,380.0,0.012658227848101266,76.0
2021-01-15,1,Direct,937,132,10,256.0,0.010672358591248666,25.6
2021-01-15,3,Organic Search,1246,164,16,895.0,0.012841091492776886,55.9375
2021-01-15,2,Organic Search,108,19,1,0.0,0.0092592592592592587,0.0
2021-01-15,5,Other,2,0,0,0.0,0.0,
2021-01-15,6,Other,594,81,4,230.0,0.0067340067340067337,57.5
2021-01-15,4,Other,196,52,4,115.0,0.020408163265306121,28.75
2021-01-15,9,Paid Search,160,22,1,80.0,0.00625,80.0
2021-01-15,12,Referral,268,41,8,366.0,0.029850746268656716,45.75
2021-01-15,11,Referral,383,61,3,129.0,0.007832898172323759,43.0
2021-01-16,1,Direct,770,81,4,160.0,0.0051948051948051948,40.0
2021-01-16,3,Organic Search,1001,69,11,457.0,0.01098901098901099,41.545454545454547
2021-01-16,2,Organic Search,96,3,0,0.0,0.0,
2021-01-16,4,Other,132,39,3,242.0,0.022727272727272728,80.666666666666671
2021-01-16,6,Other,482,98,3,141.0,0.0062240663900414933,47.0
2021-01-16,5,Other,3,0,0,0.0,0.0,
2021-01-16,9,Paid Search,117,18,1,0.0,0.0085470085470085479,0.0
2021-01-16,12,Referral,218,12,2,147.0,0.0091743119266055051,73.5
2021-01-16,11,Referral,330,37,3,314.0,0.00909090909090909,104.66666666666667
2021-01-17,1,Direct,686,58,0,0.0,0.0,
2021-01-17,3,Organic Search,1004,70,6,199.0,0.00597609561752988,33.166666666666664
2021-01-17,2,Organic Search,78,15,0,0.0,0.0,
2021-01-17,6,Other,438,42,3,67.0,0.00684931506849315,22.333333333333332
2021-01-17,4,Other,141,14,2,98.0,0.014184397163120567,49.0
2021-01-17,9,Paid Search,129,8,0,0.0,0.0,
2021-01-17,12,Referral,195,35,2,69.0,0.010256410256410256,34.5
2021-01-17,11,Referral,289,59,1,48.0,0.0034602076124567475,48.0
2021-01-18,1,Direct,804,70,3,159.0,0.0037313432835820895,53.0
2021-01-18,3,Organic Search,1187,126,7,579.0,0.0058972198820556026,82.714285714285708
2021-01-18,2,Organic Search,84,0,0,0.0,0.0,
2021-01-18,6,Other,567,47,4,245.0,0.0070546737213403876,61.25
2021-01-18,5,Other,2,0,0,0.0,0.0,
2021-01-18,4,Other,173,45,1,54.0,0.0057803468208092483,54.0
2021-01-18,9,Paid Search,156,9,0,0.0,0.0,
2021-01-18,12,Referral,275,27,2,47.0,0.0072727272727272727,23.5
2021-01-18,11,Referral,313,64,2,139.0,0.0063897763578274758,69.5
2021-01-19,1,Direct,946,150,14,572.0,0.014799154334038054,40.857142857142854
2021-01-19,3,Organic Search,1309,227,14,760.0,0.0106951871657754,54.285714285714285
2021-01-19,2,Organic Search,142,15,0,0.0,0.0,
2021-01-19,5,Other,2,0,0,0.0,0.0,
2021-01-19,4,Other,216,117,8,416.0,0.037037037037037035,52.0
2021-01-19,6,Other,603,69,3,266.0,0.0049751243781094526,88.666666666666671
2021-01-19,9,Paid Search,177,7,0,0.0,0.0,
2021-01-19,11,Referral,381,39,6,393.0,0.015748031496062992,65.5
2021-01-19,12,Referral,370,89,4,1349.0,0.010810810810810811,337.25
2021-01-20,1,Direct,1106,165,19,1384.0,0.017179023508137433,72.84210526315789
2021-01-20,3,Organic Search,1476,289,23,1782.0,0.015582655826558265,77.478260869565219
2021-01-20,2,Organic Search,144,19,3,176.0,0.020833333333333332,58.666666666666664
2021-01-20,5,Other,5,1,1,12.0,0.2,12.0
2021-01-20,6,Other,706,153,16,1117.0,0.0226628895184136,69.8125
2021-01-20,4,Other,280,52,11,490.0,0.039285714285714285,44.545454545454547
2021-01-20,9,Paid Search,198,11,2,206.0,0.010101010101010102,103.0
2021-01-20,11,Referral,465,92,9,724.0,0.01935483870967742,80.444444444444443
2021-01-20,12,Referral,347,143,12,815.0,0.0345821325648415,67.916666666666671
2021-01-21,1,Direct,1057,181,10,1169.0,0.00946073793755913,116.9
2021-01-21,3,Organic Search,1452,147,15,1143.0,0.010330578512396695,76.2
2021-01-21,2,Organic Search,138,24,3,132.0,0.021739130434782608,44.0
2021-01-21,4,Other,264,48,8,476.0,0.030303030303030304,59.5
2021-01-21,5,Other,4,0,0,0.0,0.0,
2021-01-21,6,Other,690,48,1,15.0,0.0014492753623188406,15.0
2021-01-21,9,Paid Search,223,16,1,16.0,0.0044843049327354259,16.0
2021-01-21,12,Referral,360,84,8,731.0,0.022222222222222223,91.375
2021-01-21,11,Referral,452,94,6,524.0,0.013274336283185841,87.333333333333329
2021-01-22,1,Direct,948,124,14,912.0,0.014767932489451477,65.142857142857139
2021-01-22,3,Organic Search,1215,198,29,1663.0,0.023868312757201648,57.3448275862069
2021-01-22,2,Organic Search,125,13,2,139.0,0.016,69.5
2021-01-22,6,Other,574,72,10,578.0,0.017421602787456445,57.8
2021-01-22,4,Other,233,54,7,444.0,0.030042918454935622,63.428571428571431
2021-01-22,5,Other,5,0,0,0.0,0.0,
2021-01-22,9,Paid Search,198,49,8,420.0,0.040404040404040407,52.5
2021-01-22,11,Referral,398,59,7,229.0,0.017587939698492462,32.714285714285715
2021-01-22,12,Referral,338,108,23,1167.0,0.068047337278106509,50.739130434782609
2021-01-23,1,Direct,716,74,8,476.0,0.0111731843575419,59.5
2021-01-23,3,Organic Search,944,101,13,954.0,0.013771186440677966,73.384615384615387
2021-01-23,2,Organic Search,88,15,1,63.0,0.011363636363636364,63.0
2021-01-23,4,Other,146,46,8,598.0,0.0547945205479452,74.75
2021-01-23,6,Other,501,79,3,406.0,0.0059880239520958087,135.33333333333334
2021-01-23,5,Other,3,2,0,0.0,0.0,
2021-01-23,9,Paid Search,146,1,0,0.0,0.0,
2021-01-23,11,Referral,293,27,5,162.0,0.017064846416382253,32.4
2021-01-23,12,Referral,251,27,5,88.0,0.0199203187250996,17.6
2021-01-24,1,Direct,684,69,7,323.0,0.01023391812865497,46.142857142857146
2021-01-24,2,Organic Search,83,1,0,0.0,0.0,
2021-01-24,3,Organic Search,929,113,12,974.0,0.012917115177610334,81.166666666666671
2021-01-24,4,Other,140,38,3,133.0,0.021428571428571429,44.333333333333336
2021-01-24,6,Other,422,96,3,60.0,0.0071090047393364926,20.0
2021-01-24,5,Other,3,0,0,0.0,0.0,
2021-01-24,9,Paid Search,142,19,2,291.0,0.014084507042253521,145.5
2021-01-24,11,Referral,293,45,2,355.0,0.0068259385665529011,177.5
2021-01-24,12,Referral,233,92,7,272.0,0.030042918454935622,38.857142857142854
2021-01-25,1,Direct,876,113,12,608.0,0.0136986301369863,50.666666666666664
2021-01-25,2,Organic Search,108,8,2,35.0,0.018518518518518517,17.5
2021-01-25,3,Organic Search,1249,122,14,586.0,0.01120896717373899,41.857142857142854
2021-01-25,4,Other,225,43,5,241.0,0.022222222222222223,48.2
2021-01-25,6,Other,583,68,6,364.0,0.010291595197255575,60.666666666666664
2021-01-25,5,Other,2,0,0,0.0,0.0,
2021-01-25,9,Paid Search,174,18,4,231.0,0.022988505747126436,57.75
2021-01-25,12,Referral,300,55,9,590.0,0.03,65.555555555555557
2021-01-25,11,Referral,348,53,9,698.0,0.025862068965517241,77.555555555555557
2021-01-26,1,Direct,895,106,13,266.0,0.01452513966480447,20.46153846153846
2021-01-26,3,Organic Search,1277,132,11,342.0,0.0086139389193422081,31.09090909090909
2021-01-26,2,Organic Search,116,40,2,0.0,0.017241379310344827,0.0
2021-01-26,6,Other,596,41,2,0.0,0.0033557046979865771,0.0
2021-01-26,5,Other,5,0,0,0.0,0.0,
2021-01-26,4,Other,266,59,12,205.0,0.045112781954887216,17.083333333333332
2021-01-26,9,Paid Search,192,31,1,26.0,0.005208333333333333,26.0
2021-01-26,12,Referral,321,59,10,291.0,0.031152647975077882,29.1
2021-01-26,11,Referral,381,38,4,129.0,0.010498687664041995,32.25
2021-01-27,1,Direct,958,141,14,175.0,0.014613778705636743,12.5
2021-01-27,3,Organic Search,1357,127,8,205.0,0.0058953574060427415,25.625
2021-01-27,2,Organic Search,130,29,3,17.0,0.023076923076923078,5.666666666666667
2021-01-27,4,Other,280,41,7,0.0,0.025,0.0
2021-01-27,5,Other,5,0,0,0.0,0.0,
2021-01-27,6,Other,612,104,8,55.0,0.013071895424836602,6.875
2021-01-27,9,Paid Search,178,24,0,0.0,0.0,
2021-01-27,12,Referral,340,54,7,5.0,0.020588235294117647,0.7142857142857143
2021-01-27,11,Referral,411,55,7,0.0,0.0170316301703163,0.0
2021-01-28,1,Direct,989,121,14,18.0,0.014155712841253791,1.2857142857142858
2021-01-28,3,Organic Search,1209,80,10,91.0,0.008271298593879239,9.1
2021-01-28,2,Organic Search,117,6,3,0.0,0.02564102564102564,0.0
2021-01-28,6,Other,592,69,6,0.0,0.010135135135135136,0.0
2021-01-28,4,Other,249,67,12,19.0,0.048192771084337352,1.5833333333333333
2021-01-28,5,Other,3,0,0,0.0,0.0,
2021-01-28,9,Paid Search,167,23,2,0.0,0.011976047904191617,0.0
2021-01-28,12,Referral,336,62,17,0.0,0.050595238095238096,0.0
2021-01-28,11,Referral,395,50,5,0.0,0.012658227848101266,0.0
2021-01-29,1,Direct,880,166,16,5.0,0.018181818181818181,0.3125
2021-01-29,2,Organic Search,123,16,0,0.0,0.0,
2021-01-29,3,Organic Search,1182,105,12,67.0,0.01015228426395939,5.583333333333333
2021-01-29,5,Other,2,0,0,0.0,0.0,
2021-01-29,4,Other,229,51,8,0.0,0.034934497816593885,0.0
2021-01-29,6,Other,537,34,3,0.0,0.00558659217877095,0.0
2021-01-29,9,Paid Search,156,20,1,0.0,0.00641025641025641,0.0
2021-01-29,12,Referral,285,59,6,0.0,0.021052631578947368,0.0
2021-01-29,11,Referral,348,35,8,118.0,0.022988505747126436,14.75
2021-01-30,1,Direct,664,95,8,45.0,0.012048192771084338,5.625
2021-01-30,2,Organic Search,94,2,0,0.0,0.0,
2021-01-30,3,Organic Search,863,73,9,0.0,0.010428736964078795,0.0
2021-01-30,4,Other,153,54,4,0.0,0.026143790849673203,0.0
2021-01-30,5,Other,2,7,0,0.0,0.0,
2021-01-30,6,Other,413,48,2,70.0,0.0048426150121065378,35.0
2021-01-30,9,Paid Search,129,6,0,0.0,0.0,
2021-01-30,12,Referral,213,55,6,0.0,0.028169014084507043,0.0
2021-01-30,11,Referral,276,29,2,44.0,0.007246376811594203,22.0
2021-01-31,1,Direct,631,105,7,0.0,0.011093502377179081,0.0
2021-01-31,3,Organic Search,889,86,5,0.0,0.00562429696287964,0.0
2021-01-31,2,Organic Search,67,2,0,0.0,0.0,
2021-01-31,5,Other,3,0,0,0.0,0.0,
2021-01-31,4,Other,142,22,2,0.0,0.014084507042253521,0.0
2021-01-31,6,Other,404,52,4,0.0,0.0099009900990099011,0.0
2021-01-31,9,Paid Search,152,1,0,0.0,0.0,
2021-01-31,12,Referral,216,19,1,0.0,0.0046296296296296294,0.0
2021-01-31,11,Referral,256,8,0,0.0,0.0,